{"cameraMode":{"drawMode":0,"name":"Shaded","section":"Shading Mode"},"sceneLighting":false,"audioPlay":false,"sceneViewState":{"m_AlwaysRefresh":false,"showFog":true,"showSkybox":false,"showFlares":true,"showImageEffects":true,"showParticleSystems":true,"showVisualEffectGraphs":true,"m_FxEnabled":true},"in2DMode":false,"pivot":{"x":-0.43028026819229128,"y":1.339449405670166,"z":0.16911202669143678},"rotation":{"x":0.11075714230537415,"y":0.6864626407623291,"z":-0.10684817284345627,"w":0.7108883857727051},"size":0.06652068346738816,"orthographic":false}